"satisfaction","income","job_income","parents_income","rent_space","rent_price","study_hours","work_hours","grade","siblings","course","TV_size","attitude_cannabis","use_cannabis","health","partner","gender","year","food_expenses"
5,780,2500,1200,20,260,5,6,2,2,"Econometrics","Medium (33'' to 49'')","Yes, cannabis should be legalized.","Yes, I used cannabis at least once.","Good",NA,"Male",2015,NA
4,330,3000,5500,54,325,3,0,2.40000009536743,0,"Both","Small (32'' or less)","No, cannabis should not be legalized.","No, I never used cannabis.","Satisfactory","No","Male",2015,NA
8,880,NA,NA,NA,NA,NA,NA,NA,NA,"Econometrics",NA,NA,NA,NA,NA,NA,2015,NA
8,880,NA,NA,39,325,2,15,2,0,"Econometrics","Medium (33'' to 49'')","Yes, cannabis should be legalized.","No, I never used cannabis.","Very good","No","Male",2015,NA
6,400,3000,1230,33,215,60,0,3,0,"Statistics I","Don't have a TV.","No, cannabis should not be legalized.","No, I never used cannabis.","Satisfactory","No","Female",2015,NA
7,900,40000,0,56,418,10,10,3,0,"Both","Medium (33'' to 49'')","Yes, cannabis should be legalized.","Yes, I used cannabis at least once.","Good","Yes","Male",2015,NA
8,750,2500,7500,23,270,5,0,NA,1,"Econometrics","Medium (33'' to 49'')","No, cannabis should not be legalized.","Yes, I used cannabis at least once.","Good","No","Female",2015,NA
8,860,NA,12000,60,340,25,NA,2,4,"Econometrics","Don't have a TV.","Don't know.","Yes, I used cannabis at least once.","Good","Yes","Male",2015,NA
3,200,2500,5500,55,110,NA,6,1.39999997615814,1,"Statistics I","Small (32'' or less)","Yes, cannabis should be legalized.","No, I never used cannabis.","Satisfactory","No","Female",2015,NA
2,0,2000,2000,50,225,7,0,2,1,"Statistics I","Don't have a TV.","No, cannabis should not be legalized.","No, I never used cannabis.","Good","Yes","Female",2015,NA
7,587,4000,750,15,184,18,10,1.29999995231628,0,"Econometrics","Don't have a TV.","No, cannabis should not be legalized.","No, I never used cannabis.","Good","No","Male",2015,NA
7,550,1500,7500,94,650,25,0,2.29999995231628,0,"Statistics I","Large (50'' or more)","Don't know.","Yes, I used cannabis at least once.","Good","Yes","Female",2015,NA
1,550,2500,1100,74,0,14,10,2,1,"Econometrics","Medium (33'' to 49'')","Yes, cannabis should be legalized.","Yes, I used cannabis at least once.","Good","Yes","Male",2015,NA
8,700,NA,NA,70,275,12,30,2,1,"Both","Small (32'' or less)","Yes, cannabis should be legalized.","No, I never used cannabis.","Good","No","Female",2015,NA
5,0,3200,NA,15,170,2,20,2.40000009536743,3,"Statistics I","Medium (33'' to 49'')","Yes, cannabis should be legalized.","Yes, I used cannabis at least once.","Satisfactory","No","Male",2015,NA
3,0,500,2000,15,0,20,0,2.59999990463257,3,"Econometrics","Medium (33'' to 49'')","Yes, cannabis should be legalized.","No, I never used cannabis.","Poor","No","Male",2015,NA
5,250,3000,3500,35,190,40,NA,2.40000009536743,0,"Econometrics","Medium (33'' to 49'')","No, cannabis should not be legalized.","No, I never used cannabis.","Good","No","Male",2015,NA
7,NA,800,NA,20,280,10,NA,1.89999997615814,1,"Econometrics","Don't have a TV.","Yes, cannabis should be legalized.","Yes, I used cannabis at least once.","Good","Yes","Female",2015,NA
5,600,1500,NA,30,200,10,0,2.5,2,"Econometrics","Don't have a TV.","Yes, cannabis should be legalized.","Prefer not to say.","Satisfactory","Yes","Male",2015,NA
3,0,2000,25000,100,290,14,0,2.20000004768372,2,"Econometrics","Don't have a TV.","No, cannabis should not be legalized.","No, I never used cannabis.","Good","No","Male",2015,NA
3,950,1500,7000,35,375,30,15,5,1000,"Econometrics","Small (32'' or less)","Yes, cannabis should be legalized.","Yes, I used cannabis at least once.","Good","Yes","Male",2015,NA
3,NA,NA,NA,75,550,10,15,1,1,"Statistics I","Medium (33'' to 49'')","No, cannabis should not be legalized.","No, I never used cannabis.","Very good","Yes","Female",2015,NA
9,375,2500,3800,44.5,0,34,16,2.70000004768372,1,"Econometrics","Medium (33'' to 49'')","Yes, cannabis should be legalized.","Yes, I used cannabis at least once.","Good","Yes","Male",2015,NA
2,200,NA,NA,39,0,8,NA,NA,1,"Econometrics","Medium (33'' to 49'')","No, cannabis should not be legalized.","No, I never used cannabis.","Good","No","Female",2015,NA
8,870,1800,3000,36,290,30,0,2,1,"Econometrics","Don't have a TV.","Yes, cannabis should be legalized.","Yes, I used cannabis at least once.","Very good","Yes","Female",2015,NA
6,800,27000,3300,50,210,15,15,3,2,"Econometrics","Don't have a TV.","Don't know.","No, I never used cannabis.","Satisfactory","No","Male",2015,NA
4,0,1500,5000,28,340,7,0,1.70000004768372,1,"Statistics I","Don't have a TV.","Don't know.","Yes, I used cannabis at least once.","Satisfactory","Yes","Female",2015,NA
6,1830,2500,40000,50,350,6,10,2,2,"Both","Large (50'' or more)","Yes, cannabis should be legalized.","Yes, I used cannabis at least once.","Satisfactory","Yes","Male",2015,NA
8,1300,4000,5000,100,730,NA,30,NA,2,"Econometrics","Large (50'' or more)","No, cannabis should not be legalized.","Yes, I used cannabis at least once.","Good","Yes","Female",2015,NA
10,0,2000,3000,25,210,15,15,1,0,"Both","Large (50'' or more)","No, cannabis should not be legalized.","No, I never used cannabis.","Good","No","Female",2015,NA
8,650,1800,NA,45,250,3,NA,NA,NA,"Econometrics","Don't have a TV.",NA,NA,NA,NA,NA,2015,NA
8,650,1800,NA,45,250,30,35,2.29999995231628,1,"Econometrics","Don't have a TV.","Yes, cannabis should be legalized.","Yes, I used cannabis at least once.","Good","No","Male",2015,NA
6,600,3000,3000,60,250,6,7,1.70000004768372,1,"Econometrics","Medium (33'' to 49'')","Yes, cannabis should be legalized.","No, I never used cannabis.","Satisfactory","Yes","Male",2015,NA
9,650,4500,10000,14,195,30,0,2,1,"Econometrics","Don't have a TV.","Yes, cannabis should be legalized.","Yes, I used cannabis at least once.","Very good","Yes","Male",2015,NA
8,50,1500,250,10,160,10,20,2,0,"Econometrics","Don't have a TV.","Don't know.","No, I never used cannabis.","Very good","No","Female",2015,NA
6,500,600,1500,NA,198,20,0,2.59999990463257,0,"Econometrics","Don't have a TV.","Yes, cannabis should be legalized.","Yes, I used cannabis at least once.","Good","No","Female",2015,NA
5,300,2000,5000,24,250,40,0,1.89999997615814,2,"Econometrics","Don't have a TV.","Yes, cannabis should be legalized.","No, I never used cannabis.","Satisfactory","No","Male",2015,NA
8,1200,3077,3200,30,308,20,20,2.29999995231628,5,"Econometrics","Medium (33'' to 49'')","Yes, cannabis should be legalized.","Yes, I used cannabis at least once.","Very good","No","Male",2015,NA
6,0,1000,4000,80,200,15,0,2.79999995231628,0,"Both","Don't have a TV.","No, cannabis should not be legalized.","No, I never used cannabis.","Good","Yes","Female",2015,NA
7,300,2000,4000,95,232,5,0,2,1,"Both","Don't have a TV.","Don't know.","No, I never used cannabis.","Good","No","Female",2015,NA
7,1015,3300,5500,75,400,35,0,1.83000004291534,0,"Statistics I","Medium (33'' to 49'')","Yes, cannabis should be legalized.","Yes, I used cannabis at least once.","Good","Yes","Male",2015,NA
8,600,2000,3000,54,460,16,0,2.5,2,"Econometrics","Small (32'' or less)","Yes, cannabis should be legalized.","Yes, I used cannabis at least once.","Very good","Yes","Male",2015,NA
5,600,2000,4500,20,200,8,10,2.20000004768372,1,"Econometrics","Medium (33'' to 49'')","No, cannabis should not be legalized.","No, I never used cannabis.","Good","No","Male",2015,NA
9,200,2000,4000,24,200,4,4,2.29999995231628,1,"Econometrics","Medium (33'' to 49'')","Don't know.","No, I never used cannabis.","Good","No","Male",2015,NA
7,370,1000,NA,NA,170,14,12,2.70000004768372,5,"Econometrics","Don't have a TV.","No, cannabis should not be legalized.","Yes, I used cannabis at least once.","Good","No","Female",2015,NA
4,590,NA,5000,24,250,6,8,2.20000004768372,1,"Econometrics","Don't have a TV.","Yes, cannabis should be legalized.","No, I never used cannabis.","Satisfactory","No","Male",2015,NA
8,1400,2500,2000,40,300,15,25,2.70000004768372,1,"Econometrics","Medium (33'' to 49'')","Yes, cannabis should be legalized.","Yes, I used cannabis at least once.","Good","No","Male",2015,NA
7,900,2000,3000,15,190,25,16,3,0,"Econometrics","Large (50'' or more)","Yes, cannabis should be legalized.","Prefer not to say.","Good","Yes","Male",2015,NA
3,80,2800,3000,18,186,5,0,NA,1,"Econometrics","Medium (33'' to 49'')","Don't know.","No, I never used cannabis.","Good","No","Male",2015,NA
6,300,2000,6000,69,495,10,15,2,1,"Econometrics","Small (32'' or less);Medium (33'' to 49'')","No, cannabis should not be legalized.","No, I never used cannabis.","Good","Yes","Male",2015,NA
8,360,1800,5000,68,430,8,11,1.70000004768372,2,"Econometrics","Small (32'' or less)","Yes, cannabis should be legalized.","Yes, I used cannabis at least once.","Good","Yes","Female",2015,NA
9,13000,NA,NA,NA,NA,NA,NA,NA,NA,"Econometrics",NA,NA,NA,NA,NA,NA,2015,NA
9,1100,4000,8000,62,400,2,8,2.5,0,"Econometrics","Medium (33'' to 49'')","Don't know.","Yes, I used cannabis at least once.","Very good","Yes","Male",2015,NA
9,1000,4000,4000,95,745,16,13,2.09999990463257,3,"Econometrics","Medium (33'' to 49'')","Yes, cannabis should be legalized.","Yes, I used cannabis at least once.","Good","No","Male",2015,NA
3,0,40000,260000,48,205,1,1,1.88999998569489,1,"Both","Small (32'' or less)","Yes, cannabis should be legalized.","Yes, I used cannabis at least once.","Good","Yes","Male",2015,NA
3,1500,2500,2000,30,360,30,8,2,1,"Statistics I","Small (32'' or less)","Yes, cannabis should be legalized.","Yes, I used cannabis at least once.","Satisfactory","Yes","Female",2015,NA
10,1800,NA,4500,NA,169,NA,0,1,3,"Econometrics","Small (32'' or less)","Yes, cannabis should be legalized.","Prefer not to say.","Very good","No","Female",2015,NA
8,450,NA,4800,42,240,4,16,3,0,"Econometrics","Small (32'' or less)","Yes, cannabis should be legalized.","No, I never used cannabis.","Very good","Yes","Male",2015,NA
7,0,5000,2000,14,185,17,NA,2,0,"Statistics 1",NA,"Yes, cannabis should be legalized.","Yes, I used cannabis at least once.","Good","Yes","Female",2016,200
8,NA,2000,NA,35,250,2,NA,2.20000004768372,0,"Statistics 1",NA,"No, cannabis should not be legalized.","No, I never used cannabis.","Very good","No","Female",2016,120
8,NA,NA,NA,NA,NA,NA,NA,NA,NA,"Statistics 1",NA,"No, cannabis should not be legalized.","No, I never used cannabis.","Good",NA,"Female",2016,NA
8,500,NA,2000,110,0,25,NA,2.20000004768372,2,"Statistics 1",NA,"No, cannabis should not be legalized.","Yes, I used cannabis at least once.","Good","No","Female",2016,60
5,550,1500,1250,NA,NA,5,NA,1.60000002384186,1,"Both",NA,"Yes, cannabis should be legalized.","Yes, I used cannabis at least once.","Good","No","Female",2016,200
4,NA,NA,2000,24,290,5,NA,1.79999995231628,1,"Statistics 1",NA,"Yes, cannabis should be legalized.","Yes, I used cannabis at least once.","Good","No","Female",2016,200
5,400,1500,2500,50,193,12,NA,1.70000004768372,0,"Statistics 1",NA,"Yes, cannabis should be legalized.","Yes, I used cannabis at least once.","Good","No","Male",2016,150
5,0,3000,300,20,200,50,NA,2.20000004768372,0,"Introductory Econometrics",NA,"Don't know.","Prefer not to say.","Good","Yes","Female",2016,300
8,600,NA,NA,24,205,3,NA,1.70000004768372,NA,"Both",NA,NA,"Yes, I used cannabis at least once.","Good","No","Female",2016,150
9,1500,2500,4000,100,220,6,NA,2.09999990463257,1,"Introductory Econometrics",NA,"No, cannabis should not be legalized.","No, I never used cannabis.","Very good","No","Female",2016,150
8,850,2800,3500,72,455,3,NA,2.09999990463257,1,"Introductory Econometrics",NA,"Yes, cannabis should be legalized.","Yes, I used cannabis at least once.","Very good","Yes","Female",2016,150
7,450,2000,4000,25,250,20,NA,1.14999997615814,4,"Introductory Econometrics",NA,"Yes, cannabis should be legalized.","Yes, I used cannabis at least once.","Good","Yes","Male",2016,200
9,350,NA,NA,60,340,5,NA,2.23000001907349,0,"Statistics 1",NA,"Yes, cannabis should be legalized.","Yes, I used cannabis at least once.","Very good","Yes","Female",2016,130
8,580,3500,6000,65,132,12,NA,1.20000004768372,1,"Introductory Econometrics",NA,"No, cannabis should not be legalized.","No, I never used cannabis.","Very good","No","Female",2016,250
8,NA,NA,NA,30,220,30,NA,1.29999995231628,2,"Both",NA,"Don't know.","No, I never used cannabis.","Good","No","Female",2016,150
7,700,1300,7000,32,315,8,NA,3,3,"Both",NA,"Yes, cannabis should be legalized.","Yes, I used cannabis at least once.","Very good","No","Female",2016,100
6,800,2000,2700,42,270,40,NA,2.40000009536743,1,"Introductory Econometrics",NA,"Yes, cannabis should be legalized.","Yes, I used cannabis at least once.","Good","No","Male",2016,150
8,1200,2500,NA,40,300,10,NA,2.70000004768372,1,"Introductory Econometrics",NA,"Yes, cannabis should be legalized.","No, I never used cannabis.","Good","No","Male",2016,200
8,NA,NA,NA,24,NA,NA,NA,NA,NA,"Introductory Econometrics",NA,NA,NA,"Good",NA,"Male",2016,NA
8,NA,NA,NA,13,173,NA,NA,1.89999997615814,0,"Introductory Econometrics",NA,"Don't know.","No, I never used cannabis.","Good","No","Female",2016,150
6,750,2300,3300,30,210,22,NA,2.79999995231628,2,"Introductory Econometrics",NA,"Don't know.","No, I never used cannabis.","Poor","No","Male",2016,170
7,NA,3500,8500,120,600,3,NA,1.70000004768372,2,"Introductory Econometrics",NA,"Yes, cannabis should be legalized.","Yes, I used cannabis at least once.","Good","No","Male",2016,200
8,600,900,NA,25,230,5,NA,2.20000004768372,1,"Introductory Econometrics",NA,"No, cannabis should not be legalized.","Yes, I used cannabis at least once.","Very good","Yes","Female",2016,200
4,1000,1500,7000,34,375,14,NA,2,1,"Introductory Econometrics",NA,"Yes, cannabis should be legalized.","Yes, I used cannabis at least once.","Poor","Yes","Male",2016,200
8,1000,2500,2500,30,361,10,NA,2.29999995231628,1,"Introductory Econometrics",NA,"Yes, cannabis should be legalized.","Yes, I used cannabis at least once.","Good","Yes","Female",2016,150
7,1100,2000,5000,72,478,3,NA,2.79999995231628,1,"Introductory Econometrics",NA,"Yes, cannabis should be legalized.","No, I never used cannabis.","Good","Yes","Female",2016,200
6,500,1500,NA,30,167,5,NA,2.40000009536743,2,"Introductory Econometrics",NA,"Yes, cannabis should be legalized.","No, I never used cannabis.","Good","Yes","Male",2016,200
8,200,NA,NA,36,250,NA,NA,NA,1,"Introductory Econometrics",NA,"No, cannabis should not be legalized.","No, I never used cannabis.","Good","No","Female",2016,NA
5,NA,NA,NA,93,210,36,NA,NA,NA,"Statistics 1",NA,NA,"No, I never used cannabis.","Good","No","Female",2016,160
6,1000,3000,10000,29,216,45,NA,2.5,3,"Introductory Econometrics",NA,"No, cannabis should not be legalized.","Yes, I used cannabis at least once.","Good","Yes","Male",2016,200
6,1000,3000,10000,29,216,45,NA,2.5,3,"Introductory Econometrics",NA,"No, cannabis should not be legalized.","Yes, I used cannabis at least once.","Good","Yes","Male",2016,200
9,716,2000,NA,13,220,5,NA,1.29999995231628,0,"Introductory Econometrics",NA,"Yes, cannabis should be legalized.","No, I never used cannabis.","Good","Yes","Female",2016,150
9,550,2500,4000,NA,0,1,NA,1.70000004768372,4,"Statistics 1",NA,"No, cannabis should not be legalized.","Yes, I used cannabis at least once.","Very good","Yes","Female",2016,120
4,300,1800,NA,NA,100,1,NA,2.40000009536743,1,"Introductory Econometrics",NA,"Don't know.","Yes, I used cannabis at least once.","Good","Yes","Female",2016,40
8,500,3000,2800,55,230,20,NA,2.59999990463257,1,"Introductory Econometrics",NA,"Yes, cannabis should be legalized.","Yes, I used cannabis at least once.","Very good","No","Male",2016,100
9,0,3000,15000,30,190,10,NA,2.20000004768372,1,"Statistics 1",NA,"No, cannabis should not be legalized.","No, I never used cannabis.","Poor","No","Female",2016,150
9,0,1500,5000,35,280,10,NA,3,2,"Statistics 1",NA,"Don't know.","Prefer not to say.","Good","No","Female",2016,110
7,681,2500,3000,37,340,30,NA,2.09999990463257,1,"Introductory Econometrics",NA,"Yes, cannabis should be legalized.","Yes, I used cannabis at least once.","Good","No","Male",2016,170
6,NA,3500,NA,NA,220,2,NA,1.70000004768372,0,"Statistics 1",NA,"Don't know.","Prefer not to say.","Poor","No","Female",2016,150
9,650,NA,NA,23,247,4,NA,1.70000004768372,1,"Introductory Econometrics",NA,"Don't know.","No, I never used cannabis.","Good","No","Female",2016,100
9,800,2600,3500,42,320,4,NA,2.5,1,"Statistics 1",NA,"Yes, cannabis should be legalized.","No, I never used cannabis.","Very good","Yes","Female",2016,200
7,530,4000,8500,24,240,5,NA,1.10000002384186,1,"Statistics 1",NA,"Yes, cannabis should be legalized.","Yes, I used cannabis at least once.","Good","No","Male",2016,120
5,1000,3000,18000,60,215,8,NA,2.40000009536743,1,"Introductory Econometrics",NA,"No, cannabis should not be legalized.","No, I never used cannabis.","Good","Yes","Female",2016,200
1,900,3000,2,25,222,5,NA,2.5,1,"Introductory Econometrics",NA,"Yes, cannabis should be legalized.","Yes, I used cannabis at least once.","Good","Yes","Female",2016,100
8,360,1500,5000,63,410,30,NA,1.89999997615814,1,"Introductory Econometrics",NA,"No, cannabis should not be legalized.","No, I never used cannabis.","Very good","Yes","Female",2016,100
6,0,1000,NA,40,240,5,NA,2,3,"Both",NA,"No, cannabis should not be legalized.","No, I never used cannabis.","Poor","No","Female",2016,100
8,NA,NA,NA,NA,NA,NA,NA,NA,NA,NA,NA,NA,NA,NA,NA,NA,2017,NA
7,800,1000,NA,12,190,40,8,2.5,1,"Introductory Econometrics",NA,"Yes, cannabis should be legalized.","Yes, I used cannabis at least once.","Very good","No","Female",2017,300
10,650,3000,5000,75,350,3,7,1.8,1,"Introductory Econometrics",NA,"Yes, cannabis should be legalized.","Yes, I used cannabis at least once.","Very good","No","Male",2017,250
7,450,3333,20000,64,410,4,8,1.9,1,"Introductory Econometrics",NA,"Yes, cannabis should be legalized.","Yes, I used cannabis at least once.","Good","Yes","Male",2017,180
8,650,1500,NA,130,200,10,12,1.7,4,"Introductory Econometrics",NA,"Yes, cannabis should be legalized.","Yes, I used cannabis at least once.","Good","No","Female",2017,80
8,900,3000,1100,60,250,5,10,2.3,1,"Introductory Econometrics",NA,"No, cannabis should not be legalized.","No, I never used cannabis.","Very good","No","Female",2017,200
3,380,600,1100,15,200,8,0,2.4,3,"Introductory Econometrics",NA,"Yes, cannabis should be legalized.","No, I never used cannabis.","Good","No","Male",2017,25
7,450,4000,2000,120,0,10,14,2.1,1,"Introductory Econometrics",NA,"Yes, cannabis should be legalized.","No, I never used cannabis.","Good","No","Male",2017,100
8,450,1000,1200,12,180,4,18,1.6,2,"Introductory Econometrics",NA,"No, cannabis should not be legalized.","No, I never used cannabis.","Very good","Yes","Female",2017,200
5,735,2000,0,13,0,3,20,2.6,2,"Both",NA,"No, cannabis should not be legalized.","Yes, I used cannabis at least once.","Very good","No","Female",2017,200
6,900,4000,17000,35,320,3,16,3,1,"Introductory Econometrics",NA,"Yes, cannabis should be legalized.","Yes, I used cannabis at least once.","Good","Yes","Male",2017,70
7,500,1800,2000,150,200,30,0,1.7,0,"Introductory Econometrics",NA,"Yes, cannabis should be legalized.","Yes, I used cannabis at least once.","Good","No","Male",2017,200
8,900,2000,5000,45,400,6,8,2.9,3,"Introductory Econometrics",NA,"Yes, cannabis should be legalized.","Yes, I used cannabis at least once.","Very good","No","Male",2017,300
8,750,3000,3000,51,460,10,16,2.2,2,"Introductory Econometrics",NA,"Yes, cannabis should be legalized.","Yes, I used cannabis at least once.","Very good","Yes","Male",2017,100
7,NA,5000,30000,30,400,15,10,2.4,0,"Both",NA,"Yes, cannabis should be legalized.","Yes, I used cannabis at least once.","Very good","No","Male",2017,200
7,840,3000,1000,47,370,25,0,1.7,1,"Introductory Econometrics",NA,"Yes, cannabis should be legalized.","Yes, I used cannabis at least once.","Good","Yes","Female",2017,60
5,0,2500,1000,14,180,15,0,1.6,0,"Introductory Econometrics",NA,"Yes, cannabis should be legalized.","Yes, I used cannabis at least once.","Good","Yes","Female",2017,70
3,700,4000,9000,35,320,70,0,1.5,1,"Introductory Econometrics",NA,"Yes, cannabis should be legalized.","No, I never used cannabis.","Poor","Yes","Male",2017,250
